timesteps,rewards
100,-1.0023989433189855
200,-0.03680206085700775
300,-0.07910528425854864
400,-0.037356967656160124
500,-0.2782066286308691
600,-0.13415995139657752
700,-0.2535674318729434
800,-0.4436173490481451
900,-0.0409055764284858
1000,-0.0009565668773291236
1100,-0.056998330450733194
1200,-0.11547907815111103
1300,-0.003461898476979286
1400,-0.00039818488316711864
1500,-0.03466422335332027
