timesteps,rewards
23390,-364.46875
45914,-350.9375
50050,-64.421875
