timesteps,rewards
16489,-256.640625
31407,-232.09375
45141,-213.59375
50039,-76.15625
