timesteps,rewards
100,-1.0023989433189855
200,-0.010072594981284055
300,-0.10659555773600005
400,-0.03985017579761916
500,-0.09984321288611682
600,-0.24260970059549436
700,-0.010575513226262956
800,-0.07730945583316498
900,-0.023680905369838003
1000,-0.013191004192094624
1100,-0.01131397580693374
1200,-0.011113261095670169
1300,-0.020476386869631824
1400,-0.0024930715156187945
1500,-0.0009045073381855673
