timesteps,rewards
100,-0.23617932232446037
200,-0.05567879521040595
300,-0.005691312025046307
400,-0.025835339865647337
500,-0.047742114163520456
600,-0.04480551620181359
700,-0.09866412557676085
800,-0.04381869071022082
900,-0.09106801249389576
1000,-0.0963593271971848
1100,-0.08305879164530702
1200,-0.049410005686616326
1300,-0.039132981296499655
1400,-0.033359992804316535
1500,-0.02533127288834819
