timesteps,rewards
22157,-345.203125
43032,-325.171875
50039,-109.109375
