timesteps,rewards
100,-0.022858224454103036
200,-0.5276371429790743
300,-0.14912009367835707
400,-0.021272555528969152
500,-0.010156340613634863
600,-0.004537203026786439
700,-0.0089368027555323
800,-0.07611983397020054
900,-0.05356426031725299
1000,-0.08014674210589874
1100,-0.08963670306839049
1200,-0.006685629265460144
1300,-0.002439849286085074
1400,-0.0018173997636979303
1500,-0.12102551690586552
