timesteps,rewards
100,-0.2769504757307004
200,-0.07830156902491581
300,-0.007024642799296999
400,-0.07979317326098681
500,-0.0505190074640268
600,-0.0003634485398620768
700,-0.01841762079129694
800,-0.003159396746434595
900,-0.002293118747249966
1000,-0.4472075382596813
1100,-0.06694403201618115
1200,-0.014395184144450467
1300,-0.034165434628448565
1400,-0.013218199942093634
1500,-0.11069156853918685
