timesteps,rewards
100,-0.022858224454103036
200,-0.5430907296482473
300,-0.5598973790241871
400,-0.02993141407554268
500,-0.030865265966031362
600,-0.03837082407599439
700,-0.039800197752383415
800,-0.03201474901960067
900,-0.0424427714826382
1000,-0.03743684456720224
1100,-0.028400193645244876
1200,-0.03267322056758979
1300,-0.04888235428057988
1400,-0.0293582128615787
1500,-0.07103861710281074
