timesteps,rewards
100,-1402.8966109879316
200,-1364.5868754386902
300,-1529.0207049429416
400,-1519.5305806696415
500,-1431.738531845808
600,-1555.0607841491699
700,-1435.3620995063334
800,-1819.6457170009612
900,-1597.2096252895892
1000,-1703.4189309418202
1100,-1763.5155344486236
1200,-1571.783825533092
1300,-1601.8048348665238
1400,-1492.7934508621693
1500,-1409.9568226456643
