timesteps,rewards
100,-1295.0919615983962
200,-1392.8489632844926
300,-1498.9891272068023
400,-1673.0252475708724
500,-1575.0046223267914
600,-1513.1731717705727
700,-1406.157685037097
800,-1547.2177242040634
900,-1565.3757929563521
1000,-1502.8221655786037
1100,-1522.3628714382648
1200,-1465.7263684883715
1300,-1466.793201261759
1400,-1436.6956848144532
1500,-1462.0679630756379
