timesteps,rewards
31605,-492.828125
50021,-287.09375
