timesteps,rewards
100,-1295.0919615983962
200,-1393.8403143405915
300,-1731.0817415609956
400,-1586.0436939388514
500,-1535.3500883743168
600,-1703.785917544365
700,-1600.3515267132316
800,-1503.956543469429
900,-1415.1747448168694
1000,-1465.6018497526645
1100,-1482.3166037380695
1200,-1533.3985678955912
1300,-1464.1061444520951
1400,-1477.1220418557525
1500,-1442.3932647943498
